{"cameraMode":{"drawMode":0,"name":"Shaded","section":"Shading Mode"},"sceneLighting":false,"audioPlay":false,"sceneViewState":{"m_AlwaysRefresh":false,"showFog":true,"showSkybox":false,"showFlares":true,"showImageEffects":true,"showParticleSystems":true,"showVisualEffectGraphs":true,"m_FxEnabled":true},"in2DMode":false,"pivot":{"x":-0.3000011444091797,"y":0.3899993896484375,"z":-8.450000762939454},"rotation":{"x":0.006725229788571596,"y":0.5130419731140137,"z":-0.003968409262597561,"w":0.858187198638916},"size":41.83502197265625,"orthographic":false}