{"cameraMode":{"drawMode":0,"name":"Shaded","section":"Shading Mode"},"sceneLighting":false,"audioPlay":false,"sceneViewState":{"m_AlwaysRefresh":false,"showFog":true,"showSkybox":false,"showFlares":true,"showImageEffects":true,"showParticleSystems":true,"showVisualEffectGraphs":true,"m_FxEnabled":true},"in2DMode":false,"pivot":{"x":-0.0002705622464418411,"y":0.000548272451851517,"z":0.00018843065481632948},"rotation":{"x":-0.06497644633054733,"y":0.14200729131698609,"z":0.009260579943656922,"w":0.9875407814979553},"size":0.0003173205186612904,"orthographic":false}