{"cameraMode":{"drawMode":0,"name":"Shaded","section":"Shading Mode"},"sceneLighting":false,"audioPlay":false,"sceneViewState":{"m_AlwaysRefresh":false,"showFog":true,"showSkybox":false,"showFlares":true,"showImageEffects":true,"showParticleSystems":true,"showVisualEffectGraphs":true,"m_FxEnabled":true},"in2DMode":false,"pivot":{"x":-1.8168413639068604,"y":2.4413421154022219,"z":1.2692649364471436},"rotation":{"x":0.10177420824766159,"y":0.185673326253891,"z":-0.019412275403738023,"w":0.9769858717918396},"size":3.020893096923828,"orthographic":false}