{"cameraMode":{"drawMode":0,"name":"Shaded","section":"Shading Mode"},"sceneLighting":false,"audioPlay":false,"sceneViewState":{"m_AlwaysRefresh":false,"showFog":true,"showSkybox":false,"showFlares":true,"showImageEffects":true,"showParticleSystems":true,"showVisualEffectGraphs":true,"m_FxEnabled":true},"in2DMode":false,"pivot":{"x":-10.449736595153809,"y":-0.0008629943476989865,"z":-0.0003011475782841444},"rotation":{"x":0.10177420824766159,"y":0.185673326253891,"z":-0.019412275403738023,"w":0.9769858717918396},"size":0.006602436304092407,"orthographic":false}