{"cameraMode":{"drawMode":0,"name":"Shaded","section":"Shading Mode"},"sceneLighting":false,"audioPlay":false,"sceneViewState":{"m_AlwaysRefresh":false,"showFog":true,"showSkybox":false,"showFlares":true,"showImageEffects":true,"showParticleSystems":true,"showVisualEffectGraphs":true,"m_FxEnabled":true},"in2DMode":false,"pivot":{"x":-2.801578998565674,"y":1.6215856075286866,"z":-0.9600000381469727},"rotation":{"x":0.10177420824766159,"y":0.185673326253891,"z":-0.019412275403738023,"w":0.9769858717918396},"size":0.3146689832210541,"orthographic":false}