{"cameraMode":{"drawMode":0,"name":"Shaded","section":"Shading Mode"},"sceneLighting":false,"audioPlay":false,"sceneViewState":{"m_AlwaysRefresh":false,"showFog":true,"showSkybox":false,"showFlares":true,"showImageEffects":true,"showParticleSystems":true,"showVisualEffectGraphs":true,"m_FxEnabled":true},"in2DMode":false,"pivot":{"x":-0.000865213805809617,"y":0.0001052499283105135,"z":-0.00010885857045650482},"rotation":{"x":-0.11031023412942887,"y":-0.048848699778318408,"z":-0.005511922761797905,"w":0.9925349354743958},"size":0.01340394839644432,"orthographic":false}