{"cameraMode":{"drawMode":0,"name":"Shaded","section":"Shading Mode"},"sceneLighting":true,"audioPlay":false,"sceneViewState":{"m_AlwaysRefresh":false,"showFog":true,"showSkybox":false,"showFlares":true,"showImageEffects":true,"showParticleSystems":true,"showVisualEffectGraphs":true,"m_FxEnabled":true},"in2DMode":false,"pivot":{"x":-0.05998373031616211,"y":-0.30032527446746828,"z":-1.2716550827026368},"rotation":{"x":-0.1268012821674347,"y":-0.33727923035621645,"z":0.04595666378736496,"w":-0.9314877390861511},"size":4.999963760375977,"orthographic":false}