{"cameraMode":{"drawMode":0,"name":"Shaded","section":"Shading Mode"},"sceneLighting":false,"audioPlay":false,"sceneViewState":{"m_AlwaysRefresh":false,"showFog":true,"showSkybox":false,"showFlares":true,"showImageEffects":true,"showParticleSystems":true,"showVisualEffectGraphs":true,"m_FxEnabled":true},"in2DMode":false,"pivot":{"x":-5.38760232925415,"y":4.7248382568359379,"z":0.07158708572387696},"rotation":{"x":-0.11031023412942887,"y":-0.048848699778318408,"z":-0.005511922761797905,"w":0.9925349354743958},"size":10.2984037399292,"orthographic":false}