{"cameraMode":{"drawMode":0,"name":"Shaded","section":"Shading Mode"},"sceneLighting":false,"audioPlay":false,"sceneViewState":{"m_AlwaysRefresh":false,"showFog":true,"showSkybox":false,"showFlares":true,"showImageEffects":true,"showParticleSystems":true,"showVisualEffectGraphs":true,"m_FxEnabled":true},"in2DMode":false,"pivot":{"x":1.0395618677139283,"y":3.212942361831665,"z":0.2387760877609253},"rotation":{"x":-0.06292108446359635,"y":-0.8457229733467102,"z":0.10218872874975205,"w":-0.5197492241859436},"size":0.9469073414802551,"orthographic":false}